"bach/artOfFugue_bwv1080/01.zip",\
"bach/artOfFugue_bwv1080/02.zip",\
"bach/artOfFugue_bwv1080/03.zip",\
"bach/artOfFugue_bwv1080/04.zip",\
"bach/artOfFugue_bwv1080/05.zip",\
"bach/artOfFugue_bwv1080/06.zip",\
"bach/artOfFugue_bwv1080/07.zip",\
"bach/artOfFugue_bwv1080/08.zip",\
"bach/artOfFugue_bwv1080/09.zip",\
"bach/artOfFugue_bwv1080/10.zip",\
"bach/artOfFugue_bwv1080/11.zip",\
"bach/artOfFugue_bwv1080/12.zip",\
"bach/artOfFugue_bwv1080/13.zip",\
"bach/artOfFugue_bwv1080/14.zip",\
"bach/artOfFugue_bwv1080/15.zip",\
"bach/artOfFugue_bwv1080/16.zip",\
"bach/artOfFugue_bwv1080/17.zip",\
"bach/artOfFugue_bwv1080/18.zip",\
"bach/artOfFugue_bwv1080/19.zip",\
"bach/artOfFugue_bwv1080/20.zip",\
"bach/artOfFugue_bwv1080/21.zip",\
"bach/bwv1.6.mxl",\
"bach/bwv10.7.mxl",\
"bach/bwv101.7.mxl",\
"bach/bwv102.7.mxl",\
"bach/bwv103.6.mxl",\
"bach/bwv104.6.mxl",\
"bach/bwv108.6.mxl",\
"bach/bwv11.6.mxl",\
"bach/bwv110.7.mxl",\
"bach/bwv111.6.mxl",\
"bach/bwv112.5.mxl",\
"bach/bwv112.5-sc.mxl",\
"bach/bwv113.8.mxl",\
"bach/bwv114.7.mxl",\
"bach/bwv115.6.mxl",\
"bach/bwv116.6.mxl",\
"bach/bwv117.4.mxl",\
"bach/bwv119.9.mxl",\
"bach/bwv12.7.mxl",\
"bach/bwv120.6.mxl",\
"bach/bwv120.8-a.mxl",\
"bach/bwv121.6.mxl",\
"bach/bwv122.6.mxl",\
"bach/bwv123.6.mxl",\
"bach/bwv124.6.mxl",\
"bach/bwv125.6.mxl",\
"bach/bwv126.6.mxl",\
"bach/bwv127.5.mxl",\
"bach/bwv128.5.mxl",\
"bach/bwv13.6.mxl",\
"bach/bwv130.6.mxl",\
"bach/bwv133.6.xml",\
"bach/bwv135.6.mxl",\
"bach/bwv136.6.mxl",\
"bach/bwv137.5.mxl",\
"bach/bwv139.6.mxl",\
"bach/bwv14.5.mxl",\
"bach/bwv140.7.mxl",\
"bach/bwv144.3.mxl",\
"bach/bwv144.6.mxl",\
"bach/bwv145-a.mxl",\
"bach/bwv145.5.mxl",\
"bach/bwv146.8.mxl",\
"bach/bwv148.6.mxl",\
"bach/bwv149.7.mxl",\
"bach/bwv151.5.mxl",\
"bach/bwv153.1.mxl",\
"bach/bwv153.5.mxl",\
"bach/bwv153.9.mxl",\
"bach/bwv154.3.mxl",\
"bach/bwv154.8.mxl",\
"bach/bwv155.5.mxl",\
"bach/bwv156.6.mxl",\
"bach/bwv157.5.mxl",\
"bach/bwv158.4.mxl",\
"bach/bwv159.5.mxl",\
"bach/bwv16.6.mxl",\
"bach/bwv161.6.mxl",\
"bach/bwv162.6-lpz.mxl",\
"bach/bwv164.6.mxl",\
"bach/bwv165.6.mxl",\
"bach/bwv166.6.mxl",\
"bach/bwv168.6.mxl",\
"bach/bwv169.7.mxl",\
"bach/bwv17.7.mxl",\
"bach/bwv171.6.mxl",\
"bach/bwv172.6.mxl",\
"bach/bwv174.5.mxl",\
"bach/bwv175.7.mxl",\
"bach/bwv176.6.mxl",\
"bach/bwv177.5.mxl",\
"bach/bwv178.7.mxl",\
"bach/bwv179.6.mxl",\
"bach/bwv18.5-lz.mxl",\
"bach/bwv18.5-w.mxl",\
"bach/bwv180.7.mxl",\
"bach/bwv183.5.mxl",\
"bach/bwv184.5.mxl",\
"bach/bwv185.6.mxl",\
"bach/bwv187.7.mxl",\
"bach/bwv188.6.mxl",\
"bach/bwv19.7.mxl",\
"bach/bwv190.7.mxl",\
"bach/bwv190.7-inst.mxl",\
"bach/bwv194.12.mxl",\
"bach/bwv194.6.mxl",\
"bach/bwv195.6.mxl",\
"bach/bwv197.10.mxl",\
"bach/bwv197.5.mxl",\
"bach/bwv197.7-a.mxl",\
"bach/bwv2.6.mxl",\
"bach/bwv20.11.mxl",\
"bach/bwv20.7.mxl",\
"bach/bwv226.2.mxl",\
"bach/bwv227.1.mxl",\
"bach/bwv227.11.mxl",\
"bach/bwv227.3.mxl",\
"bach/bwv227.7.mxl",\
"bach/bwv229.2.mxl",\
"bach/bwv244.10.mxl",\
"bach/bwv244.15.mxl",\
"bach/bwv244.17.mxl",\
"bach/bwv244.25.mxl",\
"bach/bwv244.29-a.mxl",\
"bach/bwv244.3.mxl",\
"bach/bwv244.32.mxl",\
"bach/bwv244.37.mxl",\
"bach/bwv244.40.mxl",\
"bach/bwv244.44.mxl",\
"bach/bwv244.46.mxl",\
"bach/bwv244.54.mxl",\
"bach/bwv244.62.mxl",\
"bach/bwv245.11.mxl",\
"bach/bwv245.14.mxl",\
"bach/bwv245.15.mxl",\
"bach/bwv245.17.mxl",\
"bach/bwv245.22.mxl",\
"bach/bwv245.26.mxl",\
"bach/bwv245.28.mxl",\
"bach/bwv245.3.mxl",\
"bach/bwv245.37.mxl",\
"bach/bwv245.40.mxl",\
"bach/bwv245.5.mxl",\
"bach/bwv248.12-2.mxl",\
"bach/bwv248.17.mxl",\
"bach/bwv248.23-2.mxl",\
"bach/bwv248.23-s.mxl",\
"bach/bwv248.28.mxl",\
"bach/bwv248.33-3.mxl",\
"bach/bwv248.35-3.mxl",\
"bach/bwv248.35-3c.mxl",\
"bach/bwv248.42-4.mxl",\
"bach/bwv248.42-s.mxl",\
"bach/bwv248.46-5.mxl",\
"bach/bwv248.5.mxl",\
"bach/bwv248.53-5.mxl",\
"bach/bwv248.59-6.mxl",\
"bach/bwv248.64-6.mxl",\
"bach/bwv248.64-s.mxl",\
"bach/bwv248.9-1.mxl",\
"bach/bwv248.9-s.mxl",\
"bach/bwv25.6.mxl",\
"bach/bwv250.mxl",\
"bach/bwv251.mxl",\
"bach/bwv252.mxl",\
"bach/bwv253.mxl",\
"bach/bwv254.mxl",\
"bach/bwv255.mxl",\
"bach/bwv256.mxl",\
"bach/bwv257.mxl",\
"bach/bwv258.mxl",\
"bach/bwv259.mxl",\
"bach/bwv26.6.mxl",\
"bach/bwv260.mxl",\
"bach/bwv261.mxl",\
"bach/bwv262.mxl",\
"bach/bwv263.mxl",\
"bach/bwv264.mxl",\
"bach/bwv265.mxl",\
"bach/bwv266.mxl",\
"bach/bwv267.mxl",\
"bach/bwv268.mxl",\
"bach/bwv269.mxl",\
"bach/bwv27.6.mxl",\
"bach/bwv270.mxl",\
"bach/bwv271.mxl",\
"bach/bwv272.mxl",\
"bach/bwv273.mxl",\
"bach/bwv276.mxl",\
"bach/bwv277.mxl",\
"bach/bwv278.mxl",\
"bach/bwv279.mxl",\
"bach/bwv28.6.mxl",\
"bach/bwv280.mxl",\
"bach/bwv281.mxl",\
"bach/bwv282.mxl",\
"bach/bwv283.mxl",\
"bach/bwv284.mxl",\
"bach/bwv285.mxl",\
"bach/bwv286.mxl",\
"bach/bwv287.mxl",\
"bach/bwv288.mxl",\
"bach/bwv289.mxl",\
"bach/bwv29.8.mxl",\
"bach/bwv290.mxl",\
"bach/bwv291.mxl",\
"bach/bwv292.mxl",\
"bach/bwv293.mxl",\
"bach/bwv294.mxl",\
"bach/bwv295.mxl",\
"bach/bwv296.mxl",\
"bach/bwv297.mxl",\
"bach/bwv298.mxl",\
"bach/bwv299.mxl",\
"bach/bwv3.6.mxl",\
"bach/bwv30.6.mxl",\
"bach/bwv300.mxl",\
"bach/bwv301.mxl",\
"bach/bwv302.mxl",\
"bach/bwv303.mxl",\
"bach/bwv304.mxl",\
"bach/bwv305.mxl",\
"bach/bwv306.mxl",\
"bach/bwv307.mxl",\
"bach/bwv308.mxl",\
"bach/bwv309.mxl",\
"bach/bwv31.9.mxl",\
"bach/bwv310.mxl",\
"bach/bwv311.mxl",\
"bach/bwv312.mxl",\
"bach/bwv313.mxl",\
"bach/bwv314.mxl",\
"bach/bwv315.mxl",\
"bach/bwv316.mxl",\
"bach/bwv317.mxl",\
"bach/bwv318.mxl",\
"bach/bwv319.mxl",\
"bach/bwv32.6.mxl",\
"bach/bwv320.mxl",\
"bach/bwv321.mxl",\
"bach/bwv322.mxl",\
"bach/bwv323.mxl",\
"bach/bwv324.mxl",\
"bach/bwv325.mxl",\
"bach/bwv326.mxl",\
"bach/bwv327.mxl",\
"bach/bwv328.mxl",\
"bach/bwv329.mxl",\
"bach/bwv33.6.mxl",\
"bach/bwv330.mxl",\
"bach/bwv331.mxl",\
"bach/bwv332.mxl",\
"bach/bwv333.mxl",\
"bach/bwv334.mxl",\
"bach/bwv335.mxl",\
"bach/bwv336.mxl",\
"bach/bwv337.mxl",\
"bach/bwv338.mxl",\
"bach/bwv339.mxl",\
"bach/bwv340.mxl",\
"bach/bwv341.mxl",\
"bach/bwv342.mxl",\
"bach/bwv343.mxl",\
"bach/bwv344.mxl",\
"bach/bwv345.mxl",\
"bach/bwv346.mxl",\
"bach/bwv347.mxl",\
"bach/bwv348.mxl",\
"bach/bwv349.mxl",\
"bach/bwv350.mxl",\
"bach/bwv351.mxl",\
"bach/bwv352.mxl",\
"bach/bwv353.mxl",\
"bach/bwv354.mxl",\
"bach/bwv355.mxl",\
"bach/bwv356.mxl",\
"bach/bwv357.mxl",\
"bach/bwv358.mxl",\
"bach/bwv359.mxl",\
"bach/bwv36.4-2.mxl",\
"bach/bwv36.8-2.mxl",\
"bach/bwv360.mxl",\
"bach/bwv361.mxl",\
"bach/bwv362.mxl",\
"bach/bwv363.mxl",\
"bach/bwv364.mxl",\
"bach/bwv365.mxl",\
"bach/bwv366.mxl",\
"bach/bwv367.mxl",\
"bach/bwv368.mxl",\
"bach/bwv369.mxl",\
"bach/bwv37.6.mxl",\
"bach/bwv370.mxl",\
"bach/bwv371.mxl",\
"bach/bwv372.mxl",\
"bach/bwv373.mxl",\
"bach/bwv374.mxl",\
"bach/bwv375.mxl",\
"bach/bwv376.mxl",\
"bach/bwv377.mxl",\
"bach/bwv378.mxl",\
"bach/bwv379.mxl",\
"bach/bwv38.6.mxl",\
"bach/bwv380.mxl",\
"bach/bwv381.mxl",\
"bach/bwv382.mxl",\
"bach/bwv383.mxl",\
"bach/bwv384.mxl",\
"bach/bwv385.mxl",\
"bach/bwv386.mxl",\
"bach/bwv387.mxl",\
"bach/bwv388.xml",\
"bach/bwv389.mxl",\
"bach/bwv39.7.mxl",\
"bach/bwv390.mxl",\
"bach/bwv391.mxl",\
"bach/bwv392.mxl",\
"bach/bwv393.mxl",\
"bach/bwv394.mxl",\
"bach/bwv395.mxl",\
"bach/bwv396.mxl",\
"bach/bwv397.mxl",\
"bach/bwv398.mxl",\
"bach/bwv399.mxl",\
"bach/bwv4.8.mxl",\
"bach/bwv40.3.mxl",\
"bach/bwv40.6.mxl",\
"bach/bwv40.8.mxl",\
"bach/bwv400.mxl",\
"bach/bwv401.mxl",\
"bach/bwv402.mxl",\
"bach/bwv403.mxl",\
"bach/bwv404.mxl",\
"bach/bwv405.mxl",\
"bach/bwv406.mxl",\
"bach/bwv407.mxl",\
"bach/bwv408.mxl",\
"bach/bwv41.6.mxl",\
"bach/bwv410.mxl",\
"bach/bwv411.mxl",\
"bach/bwv412.mxl",\
"bach/bwv413.mxl",\
"bach/bwv414.mxl",\
"bach/bwv415.mxl",\
"bach/bwv416.mxl",\
"bach/bwv417.mxl",\
"bach/bwv418.mxl",\
"bach/bwv419.mxl",\
"bach/bwv42.7.mxl",\
"bach/bwv420.mxl",\
"bach/bwv421.mxl",\
"bach/bwv422.mxl",\
"bach/bwv423.mxl",\
"bach/bwv424.mxl",\
"bach/bwv425.mxl",\
"bach/bwv426.mxl",\
"bach/bwv427.mxl",\
"bach/bwv428.mxl",\
"bach/bwv429.mxl",\
"bach/bwv43.11.mxl",\
"bach/bwv430.mxl",\
"bach/bwv431.mxl",\
"bach/bwv432.mxl",\
"bach/bwv433.mxl",\
"bach/bwv434.mxl",\
"bach/bwv435.mxl",\
"bach/bwv436.mxl",\
"bach/bwv437.mxl",\
"bach/bwv438.mxl",\
"bach/bwv44.7.mxl",\
"bach/bwv45.7.mxl",\
"bach/bwv47.5.mxl",\
"bach/bwv48.3.mxl",\
"bach/bwv48.7.mxl",\
"bach/bwv5.7.mxl",\
"bach/bwv52.6.mxl",\
"bach/bwv55.5.mxl",\
"bach/bwv56.5.mxl",\
"bach/bwv57.8.mxl",\
"bach/bwv59.3.mxl",\
"bach/bwv6.6.mxl",\
"bach/bwv60.5.mxl",\
"bach/bwv64.2.mxl",\
"bach/bwv64.4.mxl",\
"bach/bwv64.8.mxl",\
"bach/bwv65.2.mxl",\
"bach/bwv65.7.mxl",\
"bach/bwv66.6.mxl",\
"bach/bwv67.4.xml",\
"bach/bwv67.7.mxl",\
"bach/bwv69.6.xml",\
"bach/bwv69.6-a.xml",\
"bach/bwv7.7.mxl",\
"bach/bwv70.11.mxl",\
"bach/bwv70.7.mxl",\
"bach/bwv72.6.mxl",\
"bach/bwv73.5.mxl",\
"bach/bwv74.8.mxl",\
"bach/bwv77.6.mxl",\
"bach/bwv78.7.mxl",\
"bach/bwv79.3.mxl",\
"bach/bwv79.6.mxl",\
"bach/bwv8.6.mxl",\
"bach/bwv80.8.mxl",\
"bach/bwv81.7.mxl",\
"bach/bwv83.5.mxl",\
"bach/bwv84.5.mxl",\
"bach/bwv846/01.zip",\
"bach/bwv846/02.zip",\
"bach/bwv847/01.zip",\
"bach/bwv847/02.zip",\
"bach/bwv848/01.zip",\
"bach/bwv848/02.zip",\
"bach/bwv849/01.zip",\
"bach/bwv849/02.zip",\
"bach/bwv85.6.mxl",\
"bach/bwv850/01.zip",\
"bach/bwv850/02.zip",\
"bach/bwv851/01.zip",\
"bach/bwv851/02.zip",\
"bach/bwv852/01.zip",\
"bach/bwv852/02.zip",\
"bach/bwv853/01.zip",\
"bach/bwv853/02.zip",\
"bach/bwv854/01.zip",\
"bach/bwv854/02.zip",\
"bach/bwv855/01.zip",\
"bach/bwv855/02.zip",\
"bach/bwv856/01.zip",\
"bach/bwv856/02.zip",\
"bach/bwv857/01.zip",\
"bach/bwv857/02.zip",\
"bach/bwv858/01.zip",\
"bach/bwv858/02.zip",\
"bach/bwv859/01.zip",\
"bach/bwv859/02.zip",\
"bach/bwv86.6.mxl",\
"bach/bwv860/01.zip",\
"bach/bwv860/02.zip",\
"bach/bwv861/01.zip",\
"bach/bwv861/02.zip",\
"bach/bwv862/01.zip",\
"bach/bwv862/02.zip",\
"bach/bwv863/01.zip",\
"bach/bwv863/02.zip",\
"bach/bwv864/01.zip",\
"bach/bwv864/02.zip",\
"bach/bwv865/01.zip",\
"bach/bwv865/02.zip",\
"bach/bwv866/01.zip",\
"bach/bwv866/02.zip",\
"bach/bwv867/01.zip",\
"bach/bwv867/02.zip",\
"bach/bwv868/01.zip",\
"bach/bwv868/02.zip",\
"bach/bwv869/01.zip",\
"bach/bwv869/02.zip",\
"bach/bwv87.7.mxl",\
"bach/bwv870/01.zip",\
"bach/bwv870/02.zip",\
"bach/bwv871/01.zip",\
"bach/bwv871/02.zip",\
"bach/bwv872/01.zip",\
"bach/bwv872/02.zip",\
"bach/bwv873/01.zip",\
"bach/bwv873/02.zip",\
"bach/bwv874/01.zip",\
"bach/bwv874/02.zip",\
"bach/bwv875/01.zip",\
"bach/bwv875/02.zip",\
"bach/bwv876/01.zip",\
"bach/bwv876/02.zip",\
"bach/bwv877/01.zip",\
"bach/bwv877/02.zip",\
"bach/bwv878/01.zip",\
"bach/bwv878/02.zip",\
"bach/bwv879/01.zip",\
"bach/bwv879/02.zip",\
"bach/bwv88.7.mxl",\
"bach/bwv880/01.zip",\
"bach/bwv880/02.zip",\
"bach/bwv881/01.zip",\
"bach/bwv881/02.zip",\
"bach/bwv882/01.zip",\
"bach/bwv882/02.zip",\
"bach/bwv883/01.zip",\
"bach/bwv883/02.zip",\
"bach/bwv884/01.zip",\
"bach/bwv884/02.zip",\
"bach/bwv885/01.zip",\
"bach/bwv885/02.zip",\
"bach/bwv886/01.zip",\
"bach/bwv886/02.zip",\
"bach/bwv887/01.zip",\
"bach/bwv887/02.zip",\
"bach/bwv888/01.zip",\
"bach/bwv888/02.zip",\
"bach/bwv889/01.zip",\
"bach/bwv889/02.zip",\
"bach/bwv89.6.mxl",\
"bach/bwv890/01.zip",\
"bach/bwv890/02.zip",\
"bach/bwv891/01.zip",\
"bach/bwv891/02.zip",\
"bach/bwv892/01.zip",\
"bach/bwv892/02.zip",\
"bach/bwv893/01.zip",\
"bach/bwv893/02.zip",\
"bach/bwv9.7.mxl",\
"bach/bwv90.5.mxl",\
"bach/bwv91.6.mxl",\
"bach/bwv92.9.mxl",\
"bach/bwv93.7.mxl",\
"bach/bwv94.8.mxl",\
"bach/bwv95.7.mxl",\
"bach/bwv96.6.mxl",\
"bach/bwv97.9.mxl",\
"bach/bwv99.6.mxl",\
"beethoven/opus132.mxl",\
"beethoven/opus133.mxl",\
"beethoven/opus18no1/movement1.mxl",\
"beethoven/opus18no1/movement2.mxl",\
"beethoven/opus18no1/movement3.mxl",\
"beethoven/opus18no1/movement4.mxl",\
"beethoven/opus18no3.mxl",\
"beethoven/opus18no4.mxl",\
"beethoven/opus18no5.mxl",\
"beethoven/opus59no1/movement1.mxl",\
"beethoven/opus59no1/movement2.mxl",\
"beethoven/opus59no1/movement3.mxl",\
"beethoven/opus59no1/movement4.mxl",\
"beethoven/opus59no2/movement1.mxl",\
"beethoven/opus59no2/movement2.mxl",\
"beethoven/opus59no2/movement3.mxl",\
"beethoven/opus59no2/movement4.mxl",\
"beethoven/opus59no3/movement1.mxl",\
"beethoven/opus59no3/movement2.mxl",\
"beethoven/opus59no3/movement3.mxl",\
"beethoven/opus59no3/movement4.mxl",\
"beethoven/opus74.mxl",\
"cpebach/h186.mxl",\
"handel/hwv56/movement1-01.md",\
"handel/hwv56/movement1-02.md",\
"handel/hwv56/movement1-03.md",\
"handel/hwv56/movement1-04.md",\
"handel/hwv56/movement1-05.md",\
"handel/hwv56/movement1-07.md",\
"handel/hwv56/movement1-08.md",\
"handel/hwv56/movement1-09.md",\
"handel/hwv56/movement1-10.md",\
"handel/hwv56/movement1-11.md",\
"handel/hwv56/movement1-12.md",\
"handel/hwv56/movement1-13.md",\
"handel/hwv56/movement1-15.md",\
"handel/hwv56/movement1-17.md",\
"handel/hwv56/movement1-18.md",\
"handel/hwv56/movement1-19.md",\
"handel/hwv56/movement1-23.md",\
"handel/hwv56/movement2-01.md",\
"handel/hwv56/movement2-03.md",\
"handel/hwv56/movement2-04.md",\
"handel/hwv56/movement2-05.md",\
"handel/hwv56/movement2-06.md",\
"handel/hwv56/movement2-07.md",\
"handel/hwv56/movement2-08.md",\
"handel/hwv56/movement2-09.md",\
"handel/hwv56/movement2-10.md",\
"handel/hwv56/movement2-11.md",\
"handel/hwv56/movement2-12.md",\
"handel/hwv56/movement2-13.md",\
"handel/hwv56/movement2-15.md",\
"handel/hwv56/movement2-18.md",\
"handel/hwv56/movement2-19.md",\
"handel/hwv56/movement2-21.md",\
"handel/hwv56/movement3-01.md",\
"handel/hwv56/movement3-02.md",\
"handel/hwv56/movement3-03.md",\
"handel/hwv56/movement3-04.md",\
"handel/hwv56/movement3-05.md",\
"handel/hwv56/movement3-07.md",\
"handel/hwv56/movement3-08.md",\
"handel/hwv56/movement3-09.md",\
"handel/hwv56/movement3-10.md",\
"haydn/opus1no0/movement1.zip",\
"haydn/opus1no0/movement2.zip",\
"haydn/opus1no0/movement3.zip",\
"haydn/opus1no0/movement4.zip",\
"haydn/opus1no0/movement5.zip",\
"haydn/opus1no1/movement1.zip",\
"haydn/opus1no1/movement2.zip",\
"haydn/opus1no1/movement3.zip",\
"haydn/opus1no1/movement4.zip",\
"haydn/opus1no1/movement5.zip",\
"haydn/opus1no2/movement1.zip",\
"haydn/opus1no2/movement2.zip",\
"haydn/opus1no2/movement3.zip",\
"haydn/opus1no2/movement4.zip",\
"haydn/opus1no2/movement5.zip",\
"haydn/opus1no3/movement1.zip",\
"haydn/opus1no3/movement2.zip",\
"haydn/opus1no3/movement3.zip",\
"haydn/opus1no3/movement4.zip",\
"haydn/opus1no3/movement5.zip",\
"haydn/opus1no4/movement1.zip",\
"haydn/opus1no4/movement2.zip",\
"haydn/opus1no4/movement3.zip",\
"haydn/opus1no4/movement4.zip",\
"haydn/opus1no4/movement5.zip",\
"haydn/opus1no6/movement1.zip",\
"haydn/opus1no6/movement2.zip",\
"haydn/opus1no6/movement3.zip",\
"haydn/opus1no6/movement4.zip",\
"haydn/opus1no6/movement5.zip",\
"haydn/opus103/movement1.zip",\
"haydn/opus103/movement2.zip",\
"haydn/opus103/movement3.zip",\
"haydn/opus17no1/movement1.zip",\
"haydn/opus17no1/movement2.zip",\
"haydn/opus17no1/movement3.zip",\
"haydn/opus17no1/movement4.zip",\
"haydn/opus17no2/movement1.zip",\
"haydn/opus17no2/movement2.zip",\
"haydn/opus17no2/movement3.zip",\
"haydn/opus17no2/movement4.zip",\
"haydn/opus17no3/movement1.zip",\
"haydn/opus17no3/movement2.zip",\
"haydn/opus17no3/movement3.zip",\
"haydn/opus17no3/movement4.zip",\
"haydn/opus17no5/movement1.zip",\
"haydn/opus17no5/movement2.zip",\
"haydn/opus17no5/movement3.zip",\
"haydn/opus17no5/movement4.zip",\
"haydn/opus17no6/movement1.zip",\
"haydn/opus17no6/movement2.zip",\
"haydn/opus17no6/movement3.zip",\
"haydn/opus17no6/movement4.zip",\
"haydn/opus20no1/movement1.zip",\
"haydn/opus20no1/movement2.zip",\
"haydn/opus20no1/movement3.zip",\
"haydn/opus20no1/movement4.zip",\
"haydn/opus20no2/movement1.zip",\
"haydn/opus20no2/movement2.zip",\
"haydn/opus20no2/movement3.zip",\
"haydn/opus20no2/movement4.zip",\
"haydn/opus20no3/movement1.zip",\
"haydn/opus20no3/movement2.zip",\
"haydn/opus20no3/movement3.zip",\
"haydn/opus20no3/movement4.zip",\
"haydn/opus20no4/movement1.zip",\
"haydn/opus20no4/movement2.zip",\
"haydn/opus20no4/movement3.zip",\
"haydn/opus20no4/movement4.zip",\
"haydn/opus20no5/movement1.zip",\
"haydn/opus20no5/movement2.zip",\
"haydn/opus20no5/movement3.zip",\
"haydn/opus20no5/movement4.zip",\
"haydn/opus20no6/movement1.zip",\
"haydn/opus20no6/movement2.zip",\
"haydn/opus20no6/movement3.zip",\
"haydn/opus20no6/movement4.zip",\
"haydn/opus33no1/movement1.zip",\
"haydn/opus33no1/movement2.zip",\
"haydn/opus33no1/movement3.zip",\
"haydn/opus33no1/movement4.zip",\
"haydn/opus33no2/movement1.zip",\
"haydn/opus33no2/movement2.zip",\
"haydn/opus33no2/movement3.zip",\
"haydn/opus33no3/movement1.zip",\
"haydn/opus33no3/movement2.zip",\
"haydn/opus33no3/movement3.zip",\
"haydn/opus33no3/movement4.zip",\
"haydn/opus33no4/movement1.zip",\
"haydn/opus33no4/movement2.zip",\
"haydn/opus33no4/movement3.zip",\
"haydn/opus33no4/movement4.zip",\
"haydn/opus33no5/movement1.zip",\
"haydn/opus33no5/movement2.zip",\
"haydn/opus33no5/movement3.zip",\
"haydn/opus33no5/movement4.zip",\
"haydn/opus33no6/movement1.zip",\
"haydn/opus33no6/movement2.zip",\
"haydn/opus33no6/movement3.zip",\
"haydn/opus33no6/movement4.zip",\
"haydn/opus42/movement1.zip",\
"haydn/opus42/movement2.zip",\
"haydn/opus42/movement3.zip",\
"haydn/opus42/movement4.zip",\
"haydn/opus50no1/movement1.zip",\
"haydn/opus50no1/movement2.zip",\
"haydn/opus50no1/movement3.zip",\
"haydn/opus50no1/movement4.zip",\
"haydn/opus50no2/movement1.zip",\
"haydn/opus50no2/movement2.zip",\
"haydn/opus50no2/movement3.zip",\
"haydn/opus50no2/movement4.zip",\
"haydn/opus50no3/movement1.zip",\
"haydn/opus50no3/movement2.zip",\
"haydn/opus50no3/movement3.zip",\
"haydn/opus50no3/movement4.zip",\
"haydn/opus50no4/movement1.zip",\
"haydn/opus50no4/movement2.zip",\
"haydn/opus50no4/movement3.zip",\
"haydn/opus50no4/movement4.zip",\
"haydn/opus50no5/movement1.zip",\
"haydn/opus50no5/movement2.zip",\
"haydn/opus50no5/movement3.zip",\
"haydn/opus50no5/movement4.zip",\
"haydn/opus50no6/movement1.zip",\
"haydn/opus50no6/movement2.zip",\
"haydn/opus50no6/movement3.zip",\
"haydn/opus50no6/movement4.zip",\
"haydn/opus54no1/movement1.zip",\
"haydn/opus54no1/movement2.zip",\
"haydn/opus54no1/movement3.zip",\
"haydn/opus54no1/movement4.zip",\
"haydn/opus54no2/movement1.md",\
"haydn/opus54no2/movement2.md",\
"haydn/opus54no2/movement3.md",\
"haydn/opus54no2/movement4.md",\
"haydn/opus54no3/movement1.zip",\
"haydn/opus54no3/movement2.zip",\
"haydn/opus54no3/movement3.zip",\
"haydn/opus54no3/movement4.zip",\
"haydn/opus55no1/movement1.md",\
"haydn/opus55no1/movement2.md",\
"haydn/opus55no1/movement3.md",\
"haydn/opus55no1/movement4.md",\
"haydn/opus55no2/movement1.zip",\
"haydn/opus55no2/movement2.zip",\
"haydn/opus55no2/movement3.zip",\
"haydn/opus55no2/movement4.zip",\
"haydn/opus55no3/movement1.md",\
"haydn/opus55no3/movement2.md",\
"haydn/opus55no3/movement3.md",\
"haydn/opus55no3/movement4.md",\
"haydn/opus64no1/movement1.md",\
"haydn/opus64no1/movement2.md",\
"haydn/opus64no1/movement3.md",\
"haydn/opus64no1/movement4.md",\
"haydn/opus64no2/movement1.md",\
"haydn/opus64no2/movement2.md",\
"haydn/opus64no2/movement3.md",\
"haydn/opus64no2/movement4.md",\
"haydn/opus64no3/movement1.zip",\
"haydn/opus64no3/movement2.zip",\
"haydn/opus64no3/movement3.zip",\
"haydn/opus64no3/movement4.zip",\
"haydn/opus64no4/movement1.zip",\
"haydn/opus64no4/movement2.zip",\
"haydn/opus64no4/movement3.zip",\
"haydn/opus64no4/movement4.zip",\
"haydn/opus64no5/movement1.zip",\
"haydn/opus64no5/movement2.zip",\
"haydn/opus64no5/movement3.zip",\
"haydn/opus64no5/movement4.zip",\
"haydn/opus64no6/movement1.zip",\
"haydn/opus64no6/movement2.zip",\
"haydn/opus64no6/movement3.zip",\
"haydn/opus64no6/movement4.zip",\
"haydn/opus71no1/movement1.zip",\
"haydn/opus71no1/movement2.zip",\
"haydn/opus71no1/movement3.zip",\
"haydn/opus71no1/movement4.zip",\
"haydn/opus71no2/movement1.zip",\
"haydn/opus71no2/movement2.zip",\
"haydn/opus71no2/movement3.zip",\
"haydn/opus71no2/movement4.zip",\
"haydn/opus71no3/movement1.zip",\
"haydn/opus71no3/movement2.zip",\
"haydn/opus71no3/movement3.zip",\
"haydn/opus71no3/movement4.zip",\
"haydn/opus74no1/movement1.mxl",\
"haydn/opus74no1/movement2.mxl",\
"haydn/opus74no1/movement3.mxl",\
"haydn/opus74no1/movement4.mxl",\
"haydn/opus74no2/movement1.mxl",\
"haydn/opus74no2/movement2.mxl",\
"haydn/opus74no2/movement3.mxl",\
"haydn/opus74no2/movement4.mxl",\
"haydn/opus74no2/movement5.mxl",\
"haydn/opus74no3/movement1.zip",\
"haydn/opus74no3/movement2.zip",\
"haydn/opus74no3/movement3.zip",\
"haydn/opus74no3/movement4.zip",\
"haydn/opus76no1/movement1.zip",\
"haydn/opus76no1/movement2.zip",\
"haydn/opus76no1/movement3.zip",\
"haydn/opus76no1/movement4.zip",\
"haydn/opus76no2/movement1.zip",\
"haydn/opus76no2/movement2.zip",\
"haydn/opus76no2/movement3.zip",\
"haydn/opus76no2/movement4.zip",\
"haydn/opus76no3/movement1.zip",\
"haydn/opus76no3/movement2.zip",\
"haydn/opus76no3/movement3.zip",\
"haydn/opus76no3/movement4.zip",\
"haydn/opus76no4/movement1.zip",\
"haydn/opus76no4/movement2.zip",\
"haydn/opus76no4/movement3.zip",\
"haydn/opus76no4/movement4.zip",\
"haydn/opus76no5/movement1.zip",\
"haydn/opus76no5/movement2.zip",\
"haydn/opus76no5/movement3.zip",\
"haydn/opus76no5/movement4.zip",\
"haydn/opus76no6/movement1.zip",\
"haydn/opus76no6/movement2.zip",\
"haydn/opus76no6/movement3.zip",\
"haydn/opus76no6/movement4.zip",\
"haydn/opus77no1/movement1.zip",\
"haydn/opus77no1/movement2.zip",\
"haydn/opus77no1/movement3.zip",\
"haydn/opus77no1/movement4.zip",\
"haydn/opus77no2/movement1.zip",\
"haydn/opus77no2/movement2.zip",\
"haydn/opus77no2/movement3.zip",\
"haydn/opus77no2/movement4.zip",\
"haydn/opus9no2/movement1.zip",\
"haydn/opus9no2/movement2.zip",\
"haydn/opus9no2/movement4.zip",\
"haydn/opus9no3/movement1.zip",\
"haydn/opus9no3/movement2.zip",\
"haydn/opus9no3/movement3.zip",\
"haydn/opus9no3/movement4.zip",\
"haydn/symphony94/01.zip",\
"haydn/symphony94/02.zip",\
"haydn/symphony94/03.zip",\
"haydn/symphony94/04.zip",\
"mozart/k155/movement1.mxl",\
"mozart/k155/movement2.mxl",\
"mozart/k155/movement3.mxl",\
"mozart/k156/movement1.mxl",\
"mozart/k156/movement2.mxl",\
"mozart/k156/movement3.mxl",\
"mozart/k156/movement4.mxl",\
"mozart/k157/movement1.md",\
"mozart/k157/movement2.md",\
"mozart/k157/movement3.md",\
"mozart/k158/movement1.md",\
"mozart/k158/movement2.md",\
"mozart/k158/movement3.md",\
"mozart/k159/movement1.md",\
"mozart/k159/movement2.md",\
"mozart/k159/movement3.md",\
"mozart/k160/movement1.md",\
"mozart/k160/movement2.md",\
"mozart/k160/movement3.md",\
"mozart/k168/movement1.zip",\
"mozart/k168/movement2.zip",\
"mozart/k168/movement3.zip",\
"mozart/k168/movement4.zip",\
"mozart/k169/movement1.zip",\
"mozart/k169/movement2.zip",\
"mozart/k169/movement3.zip",\
"mozart/k169/movement4.zip",\
"mozart/k170/movement1.zip",\
"mozart/k170/movement2.zip",\
"mozart/k170/movement3.zip",\
"mozart/k170/movement4.zip",\
"mozart/k171/movement2.zip",\
"mozart/k171/movement3.zip",\
"mozart/k171/movement4.zip",\
"mozart/k172/movement1.zip",\
"mozart/k172/movement2.zip",\
"mozart/k172/movement3.zip",\
"mozart/k172/movement4.zip",\
"mozart/k173/movement1.zip",\
"mozart/k173/movement2.zip",\
"mozart/k173/movement3.zip",\
"mozart/k173/movement4.zip",\
"mozart/k285/movement1.zip",\
"mozart/k285/movement2.zip",\
"mozart/k285/movement3.zip",\
"mozart/k298/movement1.zip",\
"mozart/k298/movement2.zip",\
"mozart/k298/movement3.zip",\
"mozart/k370/movement1.zip",\
"mozart/k370/movement2.zip",\
"mozart/k370/movement3.zip",\
"mozart/k387/movement1.zip",\
"mozart/k387/movement2.zip",\
"mozart/k387/movement3.zip",\
"mozart/k387/movement4.zip",\
"mozart/k421/movement1.zip",\
"mozart/k421/movement2.zip",\
"mozart/k421/movement3.zip",\
"mozart/k421/movement4.zip",\
"mozart/k428/movement1.zip",\
"mozart/k428/movement2.zip",\
"mozart/k428/movement3.zip",\
"mozart/k428/movement4.zip",\
"mozart/k458/movement1.mxl",\
"mozart/k458/movement2.mxl",\
"mozart/k458/movement3.mxl",\
"mozart/k458/movement4.mxl",\
"mozart/k464/movement1.zip",\
"mozart/k464/movement2.zip",\
"mozart/k464/movement3.zip",\
"mozart/k464/movement4.zip",\
"mozart/k465/movement2.zip",\
"mozart/k465/movement3.zip",\
"mozart/k465/movement4.zip",\
"mozart/k499/movement1.zip",\
"mozart/k499/movement2.zip",\
"mozart/k499/movement3.zip",\
"mozart/k499/movement4.zip",\
"mozart/k546/movement1.zip",\
"mozart/k546/movement2.zip",\
"mozart/k575/movement1.zip",\
"mozart/k575/movement2.zip",\
"mozart/k575/movement3.zip",\
"mozart/k575/movement4.zip",\
"mozart/k589/movement1.zip",\
"mozart/k589/movement2.zip",\
"mozart/k589/movement3.zip",\
"mozart/k589/movement4.zip",\
"mozart/k590/movement1.zip",\
"mozart/k590/movement2.zip",\
"mozart/k590/movement3.zip",\
"mozart/k590/movement4.zip",\
"mozart/k80/movement1.mxl",\
"mozart/k80/movement2.mxl",\
"mozart/k80/movement3.mxl",\
"mozart/k80/movement4.mxl",\
"schoenberg/opus19/movement2.mxl",\
"schoenberg/opus19/movement6.mxl",\
"schumann/opus41no1/movement1.mxl",\
"schumann/opus41no1/movement2.mxl",\
"schumann/opus41no1/movement3.mxl",\
"schumann/opus41no1/movement4.xml",\
"schumann/opus41no1/movement5.mxl",\
"schumann/opus48no2.mxl",\
